well_name,latitude,longitude,district,tehsil,block,village,agency,state,basin,n_observations,first_obs,last_obs,mean_depth_m,std_depth_m,min_depth_m,max_depth_m,years_coverage
TSGWD_1087,17.442333,78.443916,Hyderabad,Hyderabad,,,Telangana Gw,Telangana,,152,2007-05-01,2019-12-22,17.898618421052632,3.238992167948122,0.0,23.0,12.6
TSGWD_1088,17.397638,78.44525,Hyderabad,Hyderabad,,,Telangana Gw,Telangana,,152,2007-05-01,2019-12-22,3.1130263157894738,1.5302045223098764,0.0,6.75,12.6
TSGWD_1089,17.374,78.437,Hyderabad,Hyderabad,,,Telangana Gw,Telangana,,152,2007-05-01,2019-12-22,6.196315789473684,3.586193296964451,0.0,16.66,12.6
TSGWD_1090,17.333,78.484,Hyderabad,Hyderabad,,,Telangana Gw,Telangana,,152,2007-05-01,2019-12-22,9.1525,2.385743320655636,0.0,15.61,12.6
TSGWD_1091,17.351,78.458,Hyderabad,Hyderabad,,,Telangana Gw,Telangana,,152,2007-05-01,2019-12-22,2.6016447368421054,2.69748728899262,0.0,16.6,12.6
TSGWD_1092,17.381,78.485,Hyderabad,Hyderabad,,,Telangana Gw,Telangana,,152,2007-05-01,2019-12-22,7.670065789473684,4.715817472372014,0.0,27.3,12.6
TSGWD_1093,17.409,78.47,Hyderabad,Hyderabad,,,Telangana Gw,Telangana,,150,2007-05-01,2019-10-22,4.6764,2.4296881010649036,0.0,12.01,12.5
TSGWD_1094,17.411,78.461,Hyderabad,Hyderabad,,,Telangana Gw,Telangana,,146,2007-05-01,2019-09-01,3.5450684931506853,5.144342891796753,0.0,18.4,12.3
TSGWD_1095,17.441,78.509,Hyderabad,Hyderabad,,,Telangana Gw,Telangana,,152,2007-05-01,2019-12-22,17.443815789473685,6.993776034741172,0.0,29.5,12.6
TSGWD_1096,17.422,78.512,Hyderabad,Hyderabad,,,Telangana Gw,Telangana,,151,2007-05-01,2019-12-22,3.9092715231788078,4.288176628721933,0.0,23.2,12.6
TSGWD_1097,17.385,78.474,Hyderabad,Hyderabad,,,Telangana Gw,Telangana,,152,2007-05-01,2019-12-22,6.3822368421052635,3.818195752506867,0.0,15.52,12.6
TSGWD_1098,17.361,78.508,Hyderabad,Hyderabad,,,Telangana Gw,Telangana,,152,2007-05-01,2019-12-22,4.728815789473684,1.6809292345811502,0.0,8.4,12.6
TSGWD_1099,17.42,78.45,Hyderabad,Hyderabad,,,Telangana Gw,Telangana,,145,2007-05-01,2019-09-01,0.8626896551724138,2.0592465097067576,0.0,10.31,12.3
TSGWD_3053,17.445016,78.45018,Hyderabad,Hyderabad,,,Telangana Gw,Telangana,,136,2007-05-01,2019-09-01,0.0,0.0,0.0,0.0,12.3
TSGWD_3054,17.452381,78.433853,Hyderabad,Hyderabad,,,Telangana Gw,Telangana,,139,2007-05-01,2019-12-22,2.5648920863309352,6.148751418784905,0.0,19.7,12.6
TSGWD_3055,17.382154,78.449566,Hyderabad,Hyderabad,,,Telangana Gw,Telangana,,139,2007-05-01,2019-12-22,1.0032374100719423,2.4410612493213213,0.0,10.21,12.6
TSGWD_3056,17.409199,78.484698,Hyderabad,Hyderabad,,,Telangana Gw,Telangana,,139,2007-05-01,2019-12-22,0.9378417266187051,2.2378945729626203,0.0,7.02,12.6
TSGWD_3057,17.398141,78.496983,Hyderabad,Hyderabad,,,Telangana Gw,Telangana,,139,2007-05-01,2019-12-22,0.4105755395683453,1.002135957816142,0.0,3.93,12.6
TSGWD_3058,17.428044,78.450174,Hyderabad,Hyderabad,,,Telangana Gw,Telangana,,139,2007-05-01,2019-12-22,1.775179856115108,4.343829932434065,0.0,15.79,12.6
TSGWD_3059,17.427717,78.44964,Hyderabad,Hyderabad,,,Telangana Gw,Telangana,,139,2007-05-01,2019-12-22,1.795179856115108,4.388081907819886,0.0,15.97,12.6
TSGWD_3060,17.42697,78.505605,Hyderabad,Hyderabad,,,Telangana Gw,Telangana,,139,2007-05-01,2019-12-22,2.537410071942446,6.364983502162152,0.0,23.48,12.6
TSGWD_3061,17.435418,78.483009,Hyderabad,Hyderabad,,,Telangana Gw,Telangana,,139,2007-05-01,2019-12-22,0.40834532374100724,0.9885515660439642,0.0,4.16,12.6
TSGWD_3062,17.463314,78.493825,Hyderabad,Hyderabad,,,Telangana Gw,Telangana,,139,2007-05-01,2019-12-22,1.7767625899280575,4.914235490665947,0.0,22.11,12.6
TSGWD_4001,17.412964,78.415346,Hyderabad,Hyderabad,,,Telangana Gw,Telangana,,139,2007-05-01,2019-12-22,0.7,1.73762164624732,0.0,7.07,12.6
